epoch,train_accuracy,validation_accuracy,train_loss,validation_loss
0,0.5875314861460957,0.6984924623115578,266.51953125,61.294921875
