epoch,train_accuracy,validation_accuracy,train_loss,validation_loss
0,0.50625,0.875,1326.7584798637836,21.90446862578392
1,0.625,0.575,117.46240836381912,23.125047981739044
2,0.73125,0.95,81.57484222995117,11.092927645891905
3,0.95,0.975,35.91187129216269,7.254044401459396
4,0.98125,0.975,23.04278272925876,5.510283688083291
5,0.9875,0.975,14.651086827972904,4.43425233848393
6,0.9875,0.975,10.529433672956657,3.660818017029669
7,0.9875,0.975,6.949447258884902,3.1123160162824206
8,0.9875,0.975,5.771156585708013,2.8484066653618356
9,0.9875,0.975,4.51997385357754,2.697814214458049
